<?xml version="1.0" encoding="UTF-8"?>
<project-private xmlns="http://www.netbeans.org/ns/project-private/1">
    <editor-bookmarks xmlns="http://www.netbeans.org/ns/editor-bookmarks/2" lastBookmarkId="0"/>
    <open-files xmlns="http://www.netbeans.org/ns/projectui-open-files/2">
        <group>
            <file>file:/C:/Users/gauri/Documents/NetBeansProjects/Assignment4/src/UI/UpdateJPanel.java</file>
            <file>file:/C:/Users/gauri/Documents/NetBeansProjects/Assignment4/src/Model/Community.java</file>
            <file>file:/C:/Users/gauri/Documents/NetBeansProjects/Assignment4/src/UI/MainJFrame.java</file>
            <file>file:/C:/Users/gauri/Documents/NetBeansProjects/Assignment4/src/Model/VitalSigns.java</file>
            <file>file:/C:/Users/gauri/Documents/NetBeansProjects/Assignment4/src/UI/SearchJPanel.java</file>
            <file>file:/C:/Users/gauri/Documents/NetBeansProjects/Assignment4/src/Model/Patient.java</file>
            <file>file:/C:/Users/gauri/Documents/NetBeansProjects/Assignment4/src/Model/PatientDirectory.java</file>
            <file>file:/C:/Users/gauri/Documents/NetBeansProjects/Assignment4/src/Model/EncounterHistory.java</file>
            <file>file:/C:/Users/gauri/Documents/NetBeansProjects/Assignment4/src/Model/House.java</file>
            <file>file:/C:/Users/gauri/Documents/NetBeansProjects/Assignment4/src/Model/Person.java</file>
            <file>file:/C:/Users/gauri/Documents/NetBeansProjects/Assignment4/src/Model/PersonDirectory.java</file>
            <file>file:/C:/Users/gauri/Documents/NetBeansProjects/Assignment4/src/Model/Encounter.java</file>
            <file>file:/C:/Users/gauri/Documents/NetBeansProjects/Assignment4/src/UI/CreateJPanel.java</file>
            <file>file:/C:/Users/gauri/Documents/NetBeansProjects/Assignment4/src/Model/City.java</file>
        </group>
    </open-files>
</project-private>
