<?xml version="1.0" encoding="UTF-8"?>
<project-private xmlns="http://www.netbeans.org/ns/project-private/1">
    <editor-bookmarks xmlns="http://www.netbeans.org/ns/editor-bookmarks/2" lastBookmarkId="0"/>
    <open-files xmlns="http://www.netbeans.org/ns/projectui-open-files/2">
        <group>
            <file>file:/C:/Users/gauri/Documents/NetBeansProjects/Assignment2/src/Model/Vehiclehistory.java</file>
            <file>file:/C:/Users/gauri/Documents/NetBeansProjects/Assignment2/src/Model/Vehicle.java</file>
            <file>file:/C:/Users/gauri/Documents/NetBeansProjects/Assignment2/src/UI/SearchJPanel.java</file>
            <file>file:/C:/Users/gauri/Documents/NetBeansProjects/Assignment2/src/UI/ViewJPanel.java</file>
            <file>file:/C:/Users/gauri/Documents/NetBeansProjects/Assignment2/src/UI/MainJFrame.java</file>
            <file>file:/C:/Users/gauri/Documents/NetBeansProjects/Assignment2/src/UI/CreateJPanel.java</file>
        </group>
    </open-files>
</project-private>
